{"cameraMode":{"drawMode":0,"name":"Shaded","section":"Shading Mode"},"sceneLighting":true,"audioPlay":false,"sceneViewState":{"showFog":true,"showMaterialUpdate":true,"showSkybox":true,"showFlares":true,"showImageEffects":true,"showParticleSystems":true},"in2DMode":false,"pivot":{"x":414.9985046386719,"y":117.48124694824219,"z":-142.07562255859376},"rotation":{"x":-0.049293581396341327,"y":0.6739530563354492,"z":-0.04515332356095314,"w":-0.7357445359230042},"size":8.121813774108887,"orthographic":true}